"ng-scope","button","button 2"
"Removed from Favorites","",""
"Change","",""
"","Create Folder","Back"
"","",""
"@supports (-ms-ime-align: auto) {
		.multiple-selections input:focus {
			box-shadow: 0 0 6px #b1b3b0;
		}
	}","For Sale","For Lease"
"","",""
"","",""
"","",""
"","",""
"","",""
"","",""
"","Learn More",""
"","",""
"","",""
"","",""
"","",""
"","Cancel","Delete"
"","Continue","No Thanks"
".clearfix:before,.clearfix:after{content:"""";display:table}.clearfix:after{clear:both}.sso-form-modal-secondary .csgp-modal-container{color:#000;font-size:18px;max-width:660px;display:inline-block;max-height:90%}@media only screen and (max-width:450px){.sso-form-modal-secondary .csgp-modal-container{max-height:100%}}@media only screen and (max-width:767px) and (min-width:450px){.sso-form-modal-secondary .csgp-modal-container.csgp-modal-container{width:initial;height:initial}}.sso-form-modal-secondary .csgp-modal-container .mobile-header{display:none!important}@media only screen and (max-width:1366px) and (min-width:450px){.sso-form-modal-secondary .csgp-modal-container form{max-width:100%}}.sso-form-modal-secondary .csgp-modal-container form .csgp-message.error{margin-top:32px;border:none;border-radius:4px}.sso-form-modal-secondary .csgp-modal-container form .csgp-message.error p{text-align:left}.sso-form-modal-secondary .csgp-modal-container .registration-login-modal-container,.sso-form-modal-secondary .csgp-modal-container .save-search-non-logged-in-modal{width:324px;padding:0!important}@media only screen and (max-width:450px){.sso-form-modal-secondary .csgp-modal-container .registration-login-modal-container,.sso-form-modal-secondary .csgp-modal-container .save-search-non-logged-in-modal{width:100%;max-height:900px;padding-bottom:0}}.sso-form-modal-secondary .csgp-modal-container .registration-login-modal-container h3,.sso-form-modal-secondary .csgp-modal-container .save-search-non-logged-in-modal h3{color:#404040;font-size:24px;margin-bottom:25px;text-align:center;font-weight:normal}@media only screen and (max-width:767px){.sso-form-modal-secondary .csgp-modal-container .registration-login-modal-container h3,.sso-form-modal-secondary .csgp-modal-container .save-search-non-logged-in-modal h3{font-size:19px}}.sso-form-modal-secondary .csgp-modal-container .registration-login-modal-container h3 span,.sso-form-modal-secondary .csgp-modal-container .save-search-non-logged-in-modal h3 span{display:inline-block}.sso-form-modal-secondary .csgp-modal-container .registration-login-modal-container p.strong,.sso-form-modal-secondary .csgp-modal-container .save-search-non-logged-in-modal p.strong{font-weight:normal;font-size:18px;margin-bottom:30px}.sso-form-modal-secondary .csgp-modal-container .registration-login-modal-container .field-group,.sso-form-modal-secondary .csgp-modal-container .save-search-non-logged-in-modal .field-group{position:relative}.sso-form-modal-secondary .csgp-modal-container .registration-login-modal-container .field-group .input-label,.sso-form-modal-secondary .csgp-modal-container .save-search-non-logged-in-modal .field-group .input-label{margin:0 0 4px;font-weight:normal;text-align:left}.sso-form-modal-secondary .csgp-modal-container .registration-login-modal-container .field-group .input-label span,.sso-form-modal-secondary .csgp-modal-container .save-search-non-logged-in-modal .field-group .input-label span{color:#cf0000;display:inline-block}.sso-form-modal-secondary .csgp-modal-container .registration-login-modal-container .field-group.cta,.sso-form-modal-secondary .csgp-modal-container .save-search-non-logged-in-modal .field-group.cta{margin-bottom:0}.sso-form-modal-secondary .csgp-modal-container .registration-login-modal-container .field-group .validation-static-error,.sso-form-modal-secondary .csgp-modal-container .save-search-non-logged-in-modal .field-group .validation-static-error{color:#cf0000;font-weight:normal;font-size:14px;text-align:left}.sso-form-modal-secondary .csgp-modal-container .registration-login-modal-container .field-group.first-last,.sso-form-modal-secondary .csgp-modal-container .save-search-non-logged-in-modal .field-group.first-last{display:flex;flex-direction:row;flex-wrap:nowrap;justify-content:center;align-items:flex-start;align-content:stretch}.sso-form-modal-secondary .csgp-modal-container .registration-login-modal-container .field-group.first-last input,.sso-form-modal-secondary .csgp-modal-container .save-search-non-logged-in-modal .field-group.first-last input{padding:7px 10px}.sso-form-modal-secondary .csgp-modal-container .registration-login-modal-container .field-group.first-last input.first,.sso-form-modal-secondary .csgp-modal-container .save-search-non-logged-in-modal .field-group.first-last input.first{margin-bottom:0!important}.sso-form-modal-secondary .csgp-modal-container .registration-login-modal-container .field-group.first-last input.last,.sso-form-modal-secondary .csgp-modal-container .save-search-non-logged-in-modal .field-group.first-last input.last{margin-bottom:0!important}.sso-form-modal-secondary .csgp-modal-container .registration-login-modal-container .field-group.first-last .input-container,.sso-form-modal-secondary .csgp-modal-container .save-search-non-logged-in-modal .field-group.first-last .input-container{width:50%}.sso-form-modal-secondary .csgp-modal-container .registration-login-modal-container .field-group.first-last div:first-child,.sso-form-modal-secondary .csgp-modal-container .save-search-non-logged-in-modal .field-group.first-last div:first-child{width:calc(50% - 12px);margin-right:12px}.sso-form-modal-secondary .csgp-modal-container .registration-login-modal-container .field-group .ln-icon-mail-hollow,.sso-form-modal-secondary .csgp-modal-container .registration-login-modal-container .field-group .ln-icon-message-curved,.sso-form-modal-secondary .csgp-modal-container .save-search-non-logged-in-modal .field-group .ln-icon-mail-hollow,.sso-form-modal-secondary .csgp-modal-container .save-search-non-logged-in-modal .field-group .ln-icon-message-curved{position:absolute;left:13px;top:15px;color:#d3d3d3}.sso-form-modal-secondary .csgp-modal-container .registration-login-modal-container .field-group .ln-icon-mail-hollow::before,.sso-form-modal-secondary .csgp-modal-container .registration-login-modal-container .field-group .ln-icon-message-curved::before,.sso-form-modal-secondary .csgp-modal-container .save-search-non-logged-in-modal .field-group .ln-icon-mail-hollow::before,.sso-form-modal-secondary .csgp-modal-container .save-search-non-logged-in-modal .field-group .ln-icon-message-curved::before{font-size:1.1rem}.sso-form-modal-secondary .csgp-modal-container .registration-login-modal-container .field-group .ln-icon-locked-hollow,.sso-form-modal-secondary .csgp-modal-container .registration-login-modal-container .field-group .ln-icon-circle-lock,.sso-form-modal-secondary .csgp-modal-container .save-search-non-logged-in-modal .field-group .ln-icon-locked-hollow,.sso-form-modal-secondary .csgp-modal-container .save-search-non-logged-in-modal .field-group .ln-icon-circle-lock{position:absolute;left:13px;top:13px;color:#d3d3d3}.sso-form-modal-secondary .csgp-modal-container .registration-login-modal-container .field-group .ln-icon-locked-hollow::before,.sso-form-modal-secondary .csgp-modal-container .registration-login-modal-container .field-group .ln-icon-circle-lock::before,.sso-form-modal-secondary .csgp-modal-container .save-search-non-logged-in-modal .field-group .ln-icon-locked-hollow::before,.sso-form-modal-secondary .csgp-modal-container .save-search-non-logged-in-modal .field-group .ln-icon-circle-lock::before{font-size:1.35rem}.sso-form-modal-secondary .csgp-modal-container .registration-login-modal-container .field-group .password,.sso-form-modal-secondary .csgp-modal-container .save-search-non-logged-in-modal .field-group .password{padding-right:50px}.sso-form-modal-secondary .csgp-modal-container .registration-login-modal-container .field-group .eye,.sso-form-modal-secondary .csgp-modal-container .save-search-non-logged-in-modal .field-group .eye{width:24px;height:16px;background-size:cover;position:absolute;top:17px;right:13px}.sso-form-modal-secondary .csgp-modal-container .registration-login-modal-container .field-group .eye.eye-closed,.sso-form-modal-secondary .csgp-modal-container .save-search-non-logged-in-modal .field-group .eye.eye-closed{background-image:url(""/modules/_sso/content/images/registration-eye-closed.svg?v=4ac97fcf0063152291003480dc18ff32"");height:21px;top:15px}.sso-form-modal-secondary .csgp-modal-container .registration-login-modal-container .field-group .eye.eye-open,.sso-form-modal-secondary .csgp-modal-container .save-search-non-logged-in-modal .field-group .eye.eye-open{display:none;background-image:url(""/modules/_sso/content/images/registration-eye-open.svg?v=1e65c353188fd08f7207eec518a3a0c1"")}.sso-form-modal-secondary .csgp-modal-container .registration-login-modal-container .input-container,.sso-form-modal-secondary .csgp-modal-container .save-search-non-logged-in-modal .input-container{position:relative}.sso-form-modal-secondary .csgp-modal-container .registration-login-modal-container .input-text,.sso-form-modal-secondary .csgp-modal-container .save-search-non-logged-in-modal .input-text{height:48px;line-height:44px;padding-left:45px;border-radius:4px}.sso-form-modal-secondary .csgp-modal-container .registration-login-modal-container .input-text.ng-invalid.ng-valid-required,.sso-form-modal-secondary .csgp-modal-container .registration-login-modal-container .input-text.error,.sso-form-modal-secondary .csgp-modal-container .save-search-non-logged-in-modal .input-text.ng-invalid.ng-valid-required,.sso-form-modal-secondary .csgp-modal-container .save-search-non-logged-in-modal .input-text.error{border-color:#cf0000!important;background-color:!important;box-shadow:none!important}.sso-form-modal-secondary .csgp-modal-container .registration-login-modal-container .input-checkbox,.sso-form-modal-secondary .csgp-modal-container .save-search-non-logged-in-modal .input-checkbox{margin:0 10px 0 0;border:1px solid #b1b3b0;border-radius:4px}.sso-form-modal-secondary .csgp-modal-container .registration-login-modal-container .button,.sso-form-modal-secondary .csgp-modal-container .save-search-non-logged-in-modal .button{height:48px;line-height:30px;font-size:1rem;border-radius:4px}.sso-form-modal-secondary .csgp-modal-container .registration-login-modal-container .button.punchout,.sso-form-modal-secondary .csgp-modal-container .save-search-non-logged-in-modal .button.punchout{background-color:transparent;border:1px solid #b1b3b0;font-weight:normal;color:#6d7278;padding-left:40px;border-radius:4px}.sso-form-modal-secondary .csgp-modal-container .registration-login-modal-container .button.punchout.negative,.sso-form-modal-secondary .csgp-modal-container .save-search-non-logged-in-modal .button.punchout.negative{padding:.435rem 1rem;border:1px solid #cf0000;color:#cf0000;font-weight:100}.sso-form-modal-secondary .csgp-modal-container .registration-login-modal-container .button.disabled,.sso-form-modal-secondary .csgp-modal-container .save-search-non-logged-in-modal .button.disabled{background-color:#b9bab7}.sso-form-modal-secondary .csgp-modal-container .registration-login-modal-container .button.google::after,.sso-form-modal-secondary .csgp-modal-container .registration-login-modal-container .button.linkedin::after,.sso-form-modal-secondary .csgp-modal-container .save-search-non-logged-in-modal .button.google::after,.sso-form-modal-secondary .csgp-modal-container .save-search-non-logged-in-modal .button.linkedin::after{content:"""";width:26px;height:26px;position:absolute;left:17px;top:11px;background-repeat:no-repeat;background-size:cover}.sso-form-modal-secondary .csgp-modal-container .registration-login-modal-container .button.google::after,.sso-form-modal-secondary .csgp-modal-container .save-search-non-logged-in-modal .button.google::after{background-image:url(""/modules/_sso/content/images/registration-logo-google.svg?v=84ea63cbc631ddf7a4afd7121827e5dc"");top:14px;left:20px;width:23px;height:23px}.sso-form-modal-secondary .csgp-modal-container .registration-login-modal-container .button.linkedin::after,.sso-form-modal-secondary .csgp-modal-container .save-search-non-logged-in-modal .button.linkedin::after{background-image:url(""/modules/_sso/content/images/registration-logo-linkedin.svg?v=e6687659440611dd321effec46ae42d6"")}.sso-form-modal-secondary .csgp-modal-container .registration-login-modal-container .button.ln-icon-apple-dark::before,.sso-form-modal-secondary .csgp-modal-container .save-search-non-logged-in-modal .button.ln-icon-apple-dark::before{position:absolute;left:17px;top:8px!important;color:#000;width:26px;height:26px;font-size:26px}.sso-form-modal-secondary .csgp-modal-container .registration-login-modal-container .sso-forgot-password,.sso-form-modal-secondary .csgp-modal-container .save-search-non-logged-in-modal .sso-forgot-password{position:absolute;top:77px;display:block;width:100%;margin-bottom:0;font-size:12px;text-align:right}.sso-form-modal-secondary .csgp-modal-container .registration-login-modal-container .area-secondary,.sso-form-modal-secondary .csgp-modal-container .save-search-non-logged-in-modal .area-secondary{position:relative;text-align:center;height:56px}.sso-form-modal-secondary .csgp-modal-container .registration-login-modal-container .area-secondary .login-choice,.sso-form-modal-secondary .csgp-modal-container .save-search-non-logged-in-modal .area-secondary .login-choice{position:absolute;transform:translate(-50%,-50%);-webkit-transform:translate(-50%,-50%);-moz-transform:translate(-50%,-50%);-ms-transform:translate(-50%,-50%);-o-transform:translate(-50%,-50%);top:50%;left:50%;width:38px;height:38px;padding:6px;background-color:#fff;text-align:center;z-index:9;text-transform:uppercase;font-size:16px;color:rgba(0,0,0,.5)}.sso-form-modal-secondary .csgp-modal-container .registration-login-modal-container .area-secondary .horizontal-divide,.sso-form-modal-secondary .csgp-modal-container .save-search-non-logged-in-modal .area-secondary .horizontal-divide{display:block;border-top:1px solid #ddd;position:absolute;transform:translate(-50%,-50%);-webkit-transform:translate(-50%,-50%);-moz-transform:translate(-50%,-50%);-ms-transform:translate(-50%,-50%);-o-transform:translate(-50%,-50%);top:50%;left:50%;height:1px;width:100%;z-index:1}.sso-form-modal-secondary .csgp-modal-container .registration-login-modal-container .newsletter,.sso-form-modal-secondary .csgp-modal-container .registration-login-modal-container .disclaimer,.sso-form-modal-secondary .csgp-modal-container .save-search-non-logged-in-modal .newsletter,.sso-form-modal-secondary .csgp-modal-container .save-search-non-logged-in-modal .disclaimer{color:#000;text-align:left}.sso-form-modal-secondary .csgp-modal-container .registration-login-modal-container .newsletter,.sso-form-modal-secondary .csgp-modal-container .save-search-non-logged-in-modal .newsletter{display:flex;align-items:center;line-height:1rem}.sso-form-modal-secondary .csgp-modal-container .registration-login-modal-container .disclaimer,.sso-form-modal-secondary .csgp-modal-container .save-search-non-logged-in-modal .disclaimer{font-size:.93rem;margin-top:20px;background-color:transparent}.sso-form-modal-secondary .csgp-modal-container .confirmation h3{text-align:left}.full-signup .newsletter{align-items:flex-start!important;line-height:initial!important}.full-signup .newsletter .input-checkbox{margin-top:4px!important}.confirmation{padding:25px;width:100%;min-width:630px}@media only screen and (max-width:767px){.confirmation{min-width:100%}}.confirmation .inside{width:fit-content;max-width:100%;margin:0 auto}.confirmation h3{font-weight:normal;font-size:24px;text-align:center!important;text-transform:capitalize}.confirmation p{font-size:20px}.confirmation .option-divide{margin:15px 0 15px 30px;font-size:20px;text-transform:uppercase;font-weight:100;display:block;float:none}.confirmation .input-radio{float:left}.confirmation .radio-row{display:flex;flex-direction:row;flex-wrap:nowrap;justify-content:flex-start;align-items:center;align-content:stretch}.confirmation .radio-row label{font-size:20px;font-weight:normal;margin:0 0 0 10px}.confirmation button.full{max-width:360px;font-size:18px;padding:.735rem 1rem;border-radius:4px}@media only screen and (max-width:767px){.sticky-addon{position:relative;padding:40px 0 0 0}}.ca-section{background-color:#ebebeb;max-width:480px;width:100%;margin:-25px -25px 15px -25px;width:calc(100% + 50px)}@media only screen and (max-width:767px){.ca-section{top:0;position:fixed;width:100%;left:0;margin:0}}.ca-section .ca-message{z-index:2;align-content:center;text-align:center;font-size:18px;padding:10px 58px 9px 40px;line-height:23px;font-weight:300;letter-spacing:.19px}@media only screen and (max-width:767px){.ca-section .ca-message{font-size:16px;padding:10px 40px 10px 10px;line-height:15px}}@media only screen and (max-device-width:450px){.sso-form-modal-secondary .csgp-modal-dialog{height:auto;bottom:0;top:unset}.sso-form-modal-secondary .csgp-modal-dialog .csgp-modal-content{height:auto;overflow-y:hidden}.sso-form-modal-secondary.top-position .csgp-modal-dialog{top:0}}[lang=""zh""] .sso-form-modal-secondary .csgp-modal-container .registration-login-modal-container .area-secondary .login-choice{font-size:12px;white-space:nowrap;letter-spacing:-1px;display:flex;flex-direction:row;flex-wrap:nowrap;justify-content:center;align-items:center;align-content:stretch}[lang=""de""] .sso-form-modal-secondary .csgp-modal-container .registration-login-modal-container .area-secondary .login-choice{font-size:12px;white-space:nowrap;letter-spacing:-1px;display:flex;flex-direction:row;flex-wrap:nowrap;justify-content:center;align-items:center;align-content:stretch}[lang=""ja""] .sso-form-modal-secondary .csgp-modal-container .registration-login-modal-container .area-secondary .login-choice{font-size:10px;white-space:nowrap;letter-spacing:-1px;display:flex;flex-direction:row;flex-wrap:nowrap;justify-content:center;align-items:center;align-content:stretch}","Close","Continue"
"","LOG IN",""